method,dataset,n_clusters,top_k,test_accuracy,confidence,negative_f1,positive_f1,elapsed
MainApproch_PCA,imdb,2,1,0.51116,0.06718446514771635,0.5302686704846831,0.4904307217612475,0.22192788124084473
MainApproch_PCA,imdb,4,1,0.52872,0.07558411144293657,0.43115102356122054,0.5977192024037148,0.21843695640563965
MainApproch_PCA,imdb,4,2,0.5,0.07558411144293657,0.0,0.6666666666666666,0.21508574485778809
MainApproch_PCA,imdb,8,1,0.51624,0.09197624494199151,0.4357562750769805,0.576629559616327,0.21941041946411133
MainApproch_PCA,imdb,8,2,0.51616,0.09197624494199151,0.4267841910719363,0.5814243200221468,0.21599245071411133
MainApproch_PCA,imdb,8,4,0.51772,0.09197624494199151,0.4452215524777987,0.5734602186294973,0.2159872055053711
MainApproch_PCA,imdb,16,1,0.52628,0.11441485368788229,0.4624880860527391,0.5765366324596846,0.21958184242248535
MainApproch_PCA,imdb,16,2,0.53048,0.11441485368788229,0.39866803278688523,0.6148950131233597,0.2167205810546875
MainApproch_PCA,imdb,16,4,0.52856,0.11441485368788229,0.43656181279281,0.5947321367168695,0.2190549373626709
MainApproch_PCA,imdb,16,8,0.51736,0.11441485368788229,0.4860720674674163,0.5450569338662243,0.22083306312561035
MainApproch_PCA,imdb,32,1,0.52968,0.1306397793724191,0.35671298829193565,0.62934241220604,0.21970295906066895
MainApproch_PCA,imdb,32,2,0.5152,0.1306397793724191,0.2116560426694419,0.6499740079708889,0.22095465660095215
MainApproch_PCA,imdb,32,4,0.52256,0.1306397793724191,0.2901153800404425,0.6403302597480864,0.2238471508026123
MainApproch_PCA,imdb,32,8,0.52904,0.1306397793724191,0.4105336938019425,0.6078731765802972,0.22391366958618164
MainApproch_PCA,imdb,32,16,0.51612,0.1306397793724191,0.5072705796097918,0.5246571574521592,0.22796344757080078
MainApproch_PCA,imdb,64,1,0.52792,0.13153146684048017,0.41347778550839875,0.6049936408059441,0.22291254997253418
MainApproch_PCA,imdb,64,2,0.52212,0.13153146684048017,0.28585091756829456,0.6409185176279643,0.2290201187133789
MainApproch_PCA,imdb,64,4,0.52976,0.13153146684048017,0.36080904741191827,0.6280688433308024,0.2303009033203125
MainApproch_PCA,imdb,64,8,0.53068,0.13153146684048017,0.38830092278817585,0.6192932930984133,0.23213768005371094
MainApproch_PCA,imdb,64,16,0.52612,0.13153146684048017,0.4365279429250892,0.5911302847282139,0.23616743087768555
MainApproch_PCA,imdb,64,32,0.51664,0.13153146684048017,0.5191404695582968,0.5141133896260556,0.23979640007019043
MainApproch_PCA,imdb,128,1,0.52524,0.12736468520138813,0.4240865641224708,0.5961688952400395,0.22703981399536133
MainApproch_PCA,imdb,128,2,0.52616,0.12736468520138813,0.4139125272115574,0.6023230831207198,0.24515557289123535
MainApproch_PCA,imdb,128,4,0.53036,0.12736468520138813,0.386988983449068,0.6193795182675788,0.24399185180664062
MainApproch_PCA,imdb,128,8,0.53016,0.12736468520138813,0.38028912102986173,0.6216581846292599,0.25280165672302246
MainApproch_PCA,imdb,128,16,0.52924,0.12736468520138813,0.4161333531775562,0.6056361625841907,0.26106882095336914
MainApproch_PCA,imdb,128,32,0.53036,0.12736468520138813,0.454541231126597,0.587673397717296,0.2621614933013916
MainApproch_PCA,imdb,128,64,0.51416,0.12736468520138813,0.5492466414310102,0.4731499956623579,0.2662391662597656
MainApproch_PCA,imdb,256,1,0.52716,0.14010533782968826,0.4261929032571235,0.5979114935882173,0.23811936378479004
MainApproch_PCA,imdb,256,2,0.52904,0.14010533782968826,0.3694301628106255,0.6241700715015321,0.2863626480102539
MainApproch_PCA,imdb,256,4,0.5234,0.14010533782968826,0.35985601461344213,0.6203842355115174,0.28740358352661133
MainApproch_PCA,imdb,256,8,0.52892,0.14010533782968826,0.3518793682240933,0.6299915171698766,0.28996992111206055
MainApproch_PCA,imdb,256,16,0.5306,0.14010533782968826,0.37622920321054587,0.6237214223875334,0.2935316562652588
MainApproch_PCA,imdb,256,32,0.53028,0.14010533782968826,0.4132900324756433,0.6083708520927129,0.2977900505065918
MainApproch_PCA,imdb,256,64,0.52924,0.14010533782968826,0.4561711566008964,0.584999471067386,0.3016958236694336
MainApproch_PCA,imdb,256,128,0.51844,0.14010533782968826,0.5184207368294732,0.5184592616295349,0.3154869079589844
MainApproch_PCA,imdb,512,1,0.52896,0.16188050507811363,0.462332207104374,0.5808954373976796,0.26541590690612793
MainApproch_PCA,imdb,512,2,0.52784,0.16188050507811363,0.40659561632817204,0.6079447322970639,0.374500036239624
MainApproch_PCA,imdb,512,4,0.5254,0.16188050507811363,0.38849662423336595,0.612216884008236,0.3752567768096924
MainApproch_PCA,imdb,512,8,0.53004,0.16188050507811363,0.3758168198480582,0.6231516823299227,0.37918758392333984
MainApproch_PCA,imdb,512,16,0.52988,0.16188050507811363,0.3850782190132371,0.619483925276006,0.3815956115722656
MainApproch_PCA,imdb,512,32,0.5306,0.16188050507811363,0.3894698506841475,0.6187335520972091,0.3861534595489502
MainApproch_PCA,imdb,512,64,0.52932,0.16188050507811363,0.40866375194733406,0.6090827547257566,0.39420223236083984
MainApproch_PCA,imdb,512,128,0.5262,0.16188050507811363,0.4437138965857324,0.5873828682899641,0.3975865840911865
MainApproch_PCA,imdb,512,256,0.51836,0.16188050507811363,0.511818366105818,0.5247286362739294,0.40547943115234375
MainApproch_PCA,imdb,1024,1,0.51932,0.20143849082374485,0.4661246612466125,0.5628751227674511,0.3048980236053467
MainApproch_PCA,imdb,1024,2,0.52112,0.20143849082374485,0.28491219687014696,0.6400264597991461,0.5073325634002686
MainApproch_PCA,imdb,1024,4,0.52852,0.20143849082374485,0.3468720562974456,0.6311144493474791,0.508450984954834
MainApproch_PCA,imdb,1024,8,0.52956,0.20143849082374485,0.36772216547497455,0.6254339310169115,0.5117881298065186
MainApproch_PCA,imdb,1024,16,0.52908,0.20143849082374485,0.34335434212727983,0.6329082348539178,0.5127987861633301
MainApproch_PCA,imdb,1024,32,0.53052,0.20143849082374485,0.3920857719997928,0.6176001042582999,0.5180869102478027
MainApproch_PCA,imdb,1024,64,0.53036,0.20143849082374485,0.3853844945820028,0.6199954688157426,0.526890754699707
MainApproch_PCA,imdb,1024,128,0.53068,0.20143849082374485,0.40122480224547075,0.6141095214602862,0.542412519454956
MainApproch_PCA,imdb,1024,256,0.52708,0.20143849082374485,0.4312857761316081,0.595255212077642,0.5730829238891602
MainApproch_PCA,imdb,1024,512,0.52208,0.20143849082374485,0.48751822939006606,0.5522746009143371,0.5895822048187256
MainApproch_PCA,sst2,2,1,0.5091743119266054,0.11363928657608387,0.0,0.6747720364741641,0.008111715316772461
MainApproch_PCA,sst2,4,1,0.5091743119266054,0.12060403577975395,0.0,0.6747720364741641,0.008038759231567383
MainApproch_PCA,sst2,4,2,0.5091743119266054,0.12060403577975395,0.0,0.6747720364741641,0.007944345474243164
MainApproch_PCA,sst2,8,1,0.5091743119266054,0.14662301709879244,0.0046511627906976735,0.6742770167427703,0.007950544357299805
MainApproch_PCA,sst2,8,2,0.5091743119266054,0.14662301709879244,0.0,0.6747720364741641,0.007894754409790039
MainApproch_PCA,sst2,8,4,0.5091743119266054,0.14662301709879244,0.0,0.6747720364741641,0.007848262786865234
MainApproch_PCA,sst2,16,1,0.5114678899082569,0.14241379930288772,0.0184331797235023,0.6748091603053435,0.00788736343383789
MainApproch_PCA,sst2,16,2,0.5091743119266054,0.14241379930288772,0.0,0.6747720364741641,0.007915735244750977
MainApproch_PCA,sst2,16,4,0.5091743119266054,0.14241379930288772,0.0,0.6747720364741641,0.00784158706665039
MainApproch_PCA,sst2,16,8,0.5091743119266054,0.14241379930288772,0.0,0.6747720364741641,0.00794219970703125
MainApproch_PCA,sst2,32,1,0.5194954128440367,0.14405148606826337,0.12159329140461214,0.6692975532754537,0.007948637008666992
MainApproch_PCA,sst2,32,2,0.5114678899082569,0.14405148606826337,0.06986899563318777,0.6687402799377916,0.00824594497680664
MainApproch_PCA,sst2,32,4,0.5126146788990825,0.14405148606826337,0.04063205417607223,0.6733282090699462,0.00792551040649414
MainApproch_PCA,sst2,32,8,0.5091743119266054,0.14405148606826337,0.0,0.6747720364741641,0.00813436508178711
MainApproch_PCA,sst2,32,16,0.5091743119266054,0.14405148606826337,0.0,0.6747720364741641,0.008059024810791016
MainApproch_PCA,sst2,64,1,0.5103211009174312,0.14790022621736948,0.10482180293501048,0.6629834254143646,0.008189916610717773
MainApproch_PCA,sst2,64,2,0.5080275229357798,0.14790022621736948,0.03595505617977528,0.6697459584295612,0.008267402648925781
MainApproch_PCA,sst2,64,4,0.5126146788990825,0.14790022621736948,0.036281179138321996,0.6738296239447429,0.008457660675048828
MainApproch_PCA,sst2,64,8,0.5160550458715596,0.14790022621736948,0.11344537815126049,0.667192429022082,0.008404254913330078
MainApproch_PCA,sst2,64,16,0.5137614678899083,0.14790022621736948,0.027522935779816515,0.6758409785932722,0.008360147476196289
MainApproch_PCA,sst2,64,32,0.5091743119266054,0.14790022621736948,0.0,0.6747720364741641,0.008706331253051758
MainApproch_PCA,sst2,128,1,0.5114678899082569,0.14654700182996083,0.04910714285714286,0.6712962962962963,0.008183002471923828
MainApproch_PCA,sst2,128,2,0.5114678899082569,0.14654700182996083,0.031818181818181815,0.6733128834355828,0.008777379989624023
MainApproch_PCA,sst2,128,4,0.5149082568807339,0.14654700182996083,0.06208425720620842,0.6728538283062645,0.00886678695678711
MainApproch_PCA,sst2,128,8,0.518348623853211,0.14654700182996083,0.10256410256410257,0.670846394984326,0.009134292602539062
MainApproch_PCA,sst2,128,16,0.5103211009174312,0.14654700182996083,0.11594202898550723,0.6613798572561458,0.008994102478027344
MainApproch_PCA,sst2,128,32,0.5149082568807339,0.14654700182996083,0.032036613272311214,0.6763580719204285,0.009287595748901367
MainApproch_PCA,sst2,128,64,0.5091743119266054,0.14654700182996083,0.0,0.6747720364741641,0.009363412857055664
MainApproch_PCA,sst2,256,1,0.5160550458715596,0.1503590422396798,0.14919354838709675,0.6618589743589743,0.009276866912841797
MainApproch_PCA,sst2,256,2,0.5149082568807339,0.1503590422396798,0.06622516556291391,0.6723470178156467,0.010354042053222656
MainApproch_PCA,sst2,256,4,0.5103211009174312,0.1503590422396798,0.05321507760532151,0.6697602474864656,0.010583639144897461
MainApproch_PCA,sst2,256,8,0.5206422018348624,0.1503590422396798,0.14693877551020407,0.6666666666666666,0.01125192642211914
MainApproch_PCA,sst2,256,16,0.5160550458715596,0.1503590422396798,0.13524590163934425,0.6640127388535031,0.010541439056396484
MainApproch_PCA,sst2,256,32,0.5229357798165137,0.1503590422396798,0.19691119691119693,0.6606851549755302,0.010661125183105469
MainApproch_PCA,sst2,256,64,0.5240825688073395,0.1503590422396798,0.23853211009174313,0.6538782318598833,0.011137247085571289
MainApproch_PCA,sst2,256,128,0.5091743119266054,0.1503590422396798,0.0,0.6747720364741641,0.011118650436401367
MainApproch_PCA,sst2,512,1,0.5263761467889908,0.15758657957405925,0.2072936660268714,0.6623058053965659,0.009368419647216797
MainApproch_PCA,sst2,512,2,0.5091743119266054,0.15758657957405925,0.0,0.6747720364741641,0.012995004653930664
MainApproch_PCA,sst2,512,4,0.5103211009174312,0.15758657957405925,0.0447427293064877,0.6707787201233616,0.012984991073608398
MainApproch_PCA,sst2,512,8,0.5172018348623854,0.15758657957405925,0.13195876288659794,0.6656076250992851,0.013002634048461914
MainApproch_PCA,sst2,512,16,0.518348623853211,0.15758657957405925,0.1532258064516129,0.6634615384615385,0.012942790985107422
MainApproch_PCA,sst2,512,32,0.5252293577981652,0.15758657957405925,0.14814814814814814,0.670906200317965,0.013115167617797852
MainApproch_PCA,sst2,512,64,0.5206422018348624,0.15758657957405925,0.13636363636363635,0.6682539682539683,0.013211965560913086
MainApproch_PCA,sst2,512,128,0.5160550458715596,0.15758657957405925,0.145748987854251,0.6624,0.013905525207519531
MainApproch_PCA,sst2,512,256,0.5091743119266054,0.15758657957405925,0.0,0.6747720364741641,0.014607667922973633
MainApproch_PCA,sst2,1024,1,0.5275229357798165,0.1710718986485357,0.530751708428246,0.5242494226327944,0.010787248611450195
MainApproch_PCA,sst2,1024,2,0.5091743119266054,0.1710718986485357,0.018348623853211007,0.672782874617737,0.018805742263793945
MainApproch_PCA,sst2,1024,4,0.5091743119266054,0.1710718986485357,0.044642857142857144,0.6697530864197531,0.018491506576538086
MainApproch_PCA,sst2,1024,8,0.5045871559633027,0.1710718986485357,0.009174311926605503,0.6697247706422017,0.019093036651611328
MainApproch_PCA,sst2,1024,16,0.5149082568807339,0.1710718986485357,0.06208425720620842,0.6728538283062645,0.018949508666992188
MainApproch_PCA,sst2,1024,32,0.5160550458715596,0.1710718986485357,0.09829059829059829,0.6692789968652038,0.019000768661499023
MainApproch_PCA,sst2,1024,64,0.5194954128440367,0.1710718986485357,0.12159329140461214,0.6692975532754537,0.01912522315979004
MainApproch_PCA,sst2,1024,128,0.5149082568807339,0.1710718986485357,0.10191082802547771,0.6677140612725845,0.020148038864135742
MainApproch_PCA,sst2,1024,256,0.5114678899082569,0.1710718986485357,0.08974358974358973,0.6661442006269593,0.02051544189453125
MainApproch_PCA,sst2,1024,512,0.5091743119266054,0.1710718986485357,0.0,0.6747720364741641,0.02025151252746582
LayerWise_9216_PCA,imdb,2,1,0.51588,0.025898917438354086,0.5818332584735514,0.42522676544616983,0.21946096420288086
LayerWise_9216_PCA,imdb,4,1,0.53976,0.12582617100058022,0.4979053936114505,0.5751735341899277,0.2159566879272461
LayerWise_9216_PCA,imdb,4,2,0.52832,0.12582617100058022,0.35654261704681867,0.6277072677906168,0.213700532913208
LayerWise_9216_PCA,imdb,8,1,0.54156,0.11664932905335398,0.511570424035798,0.5680798944789901,0.21697640419006348
LayerWise_9216_PCA,imdb,8,2,0.53168,0.11664932905335398,0.42708944999021337,0.6039778108510351,0.2145061492919922
LayerWise_9216_PCA,imdb,8,4,0.55036,0.11664932905335398,0.5344763324636601,0.5651955285653502,0.21436095237731934
LayerWise_9216_PCA,imdb,16,1,0.55476,0.15376033590339216,0.5597088722756219,0.5496986124034143,0.21729779243469238
LayerWise_9216_PCA,imdb,16,2,0.53416,0.15376033590339216,0.4671486090775988,0.5861995451961343,0.21818137168884277
LayerWise_9216_PCA,imdb,16,4,0.53976,0.15376033590339216,0.4876202351264696,0.5822683706070287,0.21770644187927246
LayerWise_9216_PCA,imdb,16,8,0.54952,0.15376033590339216,0.5313358302122347,0.5663457835964574,0.2185521125793457
LayerWise_9216_PCA,imdb,32,1,0.5442,0.17225213764386083,0.5203518962832007,0.5657889722973747,0.22088074684143066
LayerWise_9216_PCA,imdb,32,2,0.5358,0.17225213764386083,0.4758119156240119,0.5834679300814759,0.22270464897155762
LayerWise_9216_PCA,imdb,32,4,0.53444,0.17225213764386083,0.4555363240866352,0.5933689690109353,0.22172999382019043
LayerWise_9216_PCA,imdb,32,8,0.54112,0.17225213764386083,0.4935099337748345,0.5805484460694699,0.22210168838500977
LayerWise_9216_PCA,imdb,32,16,0.54404,0.17225213764386083,0.5032899036995075,0.5786107722450186,0.22419357299804688
LayerWise_9216_PCA,imdb,64,1,0.53936,0.17413465034962594,0.49667832167832165,0.5753687315634218,0.22268319129943848
LayerWise_9216_PCA,imdb,64,2,0.53896,0.17413465034962594,0.49188855581026275,0.5780494948015815,0.23117494583129883
LayerWise_9216_PCA,imdb,64,4,0.53736,0.17413465034962594,0.48453516356181475,0.5803642696466149,0.23178458213806152
LayerWise_9216_PCA,imdb,64,8,0.5368,0.17413465034962594,0.4802513464991023,0.5822510822510821,0.23557329177856445
LayerWise_9216_PCA,imdb,64,16,0.5434,0.17413465034962594,0.5054802235411342,0.5759185644759818,0.23643875122070312
LayerWise_9216_PCA,imdb,64,32,0.539,0.17413465034962594,0.4701880200432124,0.5919920699543314,0.24003982543945312
LayerWise_9216_PCA,imdb,128,1,0.54328,0.18255142591014833,0.5198486122792263,0.5645308924485126,0.22582793235778809
LayerWise_9216_PCA,imdb,128,2,0.53544,0.18255142591014833,0.4745747376040535,0.5836679093776884,0.24872207641601562
LayerWise_9216_PCA,imdb,128,4,0.53424,0.18255142591014833,0.46709382151029744,0.5863587921847246,0.24962854385375977
LayerWise_9216_PCA,imdb,128,8,0.53552,0.18255142591014833,0.4729005901044031,0.5848409009653199,0.25090837478637695
LayerWise_9216_PCA,imdb,128,16,0.54256,0.18255142591014833,0.5198992443324938,0.563177998472116,0.2566096782684326
LayerWise_9216_PCA,imdb,128,32,0.54824,0.18255142591014833,0.536979337487701,0.5589659481412058,0.2596871852874756
LayerWise_9216_PCA,imdb,128,64,0.54344,0.18255142591014833,0.5013978682509173,0.5789434853179872,0.26433682441711426
LayerWise_9216_PCA,imdb,256,1,0.54956,0.18836204420515473,0.5283745864220798,0.568923936760709,0.2376563549041748
LayerWise_9216_PCA,imdb,256,2,0.53432,0.18836204420515473,0.45188323917137474,0.595201668984701,0.2791156768798828
LayerWise_9216_PCA,imdb,256,4,0.53456,0.18836204420515473,0.47022400291385913,0.5849621914681123,0.28008437156677246
LayerWise_9216_PCA,imdb,256,8,0.5382,0.18836204420515473,0.48963352636930285,0.578326454581979,0.2817399501800537
LayerWise_9216_PCA,imdb,256,16,0.53796,0.18836204420515473,0.49022463480294803,0.5775209392487474,0.2869281768798828
LayerWise_9216_PCA,imdb,256,32,0.53756,0.18836204420515473,0.48510221351267097,0.5803172759284133,0.29096269607543945
LayerWise_9216_PCA,imdb,256,64,0.54284,0.18836204420515473,0.5025462459194777,0.577095282146161,0.3036384582519531
LayerWise_9216_PCA,imdb,256,128,0.54452,0.18836204420515473,0.4994945277130676,0.5821131050680759,0.31877636909484863
LayerWise_9216_PCA,imdb,512,1,0.54964,0.20205506888169936,0.5319476200374141,0.5660435536712276,0.26171231269836426
LayerWise_9216_PCA,imdb,512,2,0.53532,0.20205506888169936,0.45585273314909364,0.5945342221911974,0.3861575126647949
LayerWise_9216_PCA,imdb,512,4,0.53048,0.20205506888169936,0.42040292316808214,0.6054188516875084,0.3519737720489502
LayerWise_9216_PCA,imdb,512,8,0.53584,0.20205506888169936,0.47478953562053045,0.5841754461406149,0.42011046409606934
LayerWise_9216_PCA,imdb,512,16,0.53548,0.20205506888169936,0.47426320793154964,0.5839274837877539,0.35826706886291504
LayerWise_9216_PCA,imdb,512,32,0.53828,0.20205506888169936,0.4907125523935583,0.5777208706786171,0.3628404140472412
LayerWise_9216_PCA,imdb,512,64,0.5356,0.20205506888169936,0.4745655322230268,0.583930619266055,0.36732029914855957
LayerWise_9216_PCA,imdb,512,128,0.54076,0.20205506888169936,0.49478547854785476,0.579065077910174,0.39235877990722656
LayerWise_9216_PCA,imdb,512,256,0.54248,0.20205506888169936,0.49123743439195805,0.5843447924994549,0.4179041385650635
LayerWise_9216_PCA,imdb,1024,1,0.54036,0.2347932912376005,0.46650262314870705,0.5962545237342327,0.30225300788879395
LayerWise_9216_PCA,imdb,1024,2,0.53012,0.2347932912376005,0.41002460951232983,0.6095915450829207,0.47212934494018555
LayerWise_9216_PCA,imdb,1024,4,0.53092,0.2347932912376005,0.41653813622568286,0.6078057590047155,0.47219300270080566
LayerWise_9216_PCA,imdb,1024,8,0.53296,0.2347932912376005,0.442193770303841,0.598321177927618,0.4780416488647461
LayerWise_9216_PCA,imdb,1024,16,0.53372,0.2347932912376005,0.46253861404398544,0.5882519162163117,0.4819779396057129
LayerWise_9216_PCA,imdb,1024,32,0.53496,0.2347932912376005,0.4687928356026684,0.5864693746887671,0.4870469570159912
LayerWise_9216_PCA,imdb,1024,64,0.53624,0.2347932912376005,0.47985643786451326,0.58159509202454,0.4915037155151367
LayerWise_9216_PCA,imdb,1024,128,0.53536,0.2347932912376005,0.469443683200877,0.5867074645983065,0.5172035694122314
LayerWise_9216_PCA,imdb,1024,256,0.54208,0.2347932912376005,0.48357993504150126,0.5886749065823513,0.5737357139587402
LayerWise_9216_PCA,imdb,1024,512,0.54452,0.2347932912376005,0.495145200620705,0.585097467662598,0.6152005195617676
LayerWise_9216_PCA,sst2,2,1,0.5091743119266054,0.12439203572738089,0.0,0.6747720364741641,0.007954597473144531
LayerWise_9216_PCA,sst2,4,1,0.5091743119266054,0.10772585893513045,0.0,0.6747720364741641,0.00814962387084961
LayerWise_9216_PCA,sst2,4,2,0.5091743119266054,0.10772585893513045,0.0,0.6747720364741641,0.00792694091796875
LayerWise_9216_PCA,sst2,8,1,0.5206422018348624,0.13725265843229054,0.1218487394957983,0.6703470031545742,0.00803232192993164
LayerWise_9216_PCA,sst2,8,2,0.5091743119266054,0.13725265843229054,0.0,0.6747720364741641,0.007833480834960938
LayerWise_9216_PCA,sst2,8,4,0.5091743119266054,0.13725265843229054,0.0,0.6747720364741641,0.007599592208862305
LayerWise_9216_PCA,sst2,16,1,0.5240825688073395,0.13672764792587977,0.09978308026030368,0.6765393608729541,0.008071660995483398
LayerWise_9216_PCA,sst2,16,2,0.5091743119266054,0.13672764792587977,0.0,0.6747720364741641,0.007659435272216797
LayerWise_9216_PCA,sst2,16,4,0.5091743119266054,0.13672764792587977,0.0,0.6747720364741641,0.007817745208740234
LayerWise_9216_PCA,sst2,16,8,0.5091743119266054,0.13672764792587977,0.0,0.6747720364741641,0.007858514785766602
LayerWise_9216_PCA,sst2,32,1,0.5275229357798165,0.13677993234649544,0.13080168776371306,0.6755905511811023,0.00819087028503418
LayerWise_9216_PCA,sst2,32,2,0.5206422018348624,0.13677993234649544,0.07929515418502203,0.6759689922480621,0.008068084716796875
LayerWise_9216_PCA,sst2,32,4,0.5137614678899083,0.13677993234649544,0.09012875536480686,0.6682316118935837,0.007965803146362305
LayerWise_9216_PCA,sst2,32,8,0.5401376146788991,0.13677993234649544,0.2361904761904762,0.6710418375717802,0.007999181747436523
LayerWise_9216_PCA,sst2,32,16,0.5091743119266054,0.13677993234649544,0.0,0.6747720364741641,0.008285045623779297
LayerWise_9216_PCA,sst2,64,1,0.5206422018348624,0.14718093124807047,0.07929515418502203,0.6759689922480621,0.008086204528808594
LayerWise_9216_PCA,sst2,64,2,0.5149082568807339,0.14718093124807047,0.04081632653061224,0.6753645433614736,0.008247137069702148
LayerWise_9216_PCA,sst2,64,4,0.5172018348623854,0.14718093124807047,0.09071274298056155,0.6713505074160812,0.008191347122192383
LayerWise_9216_PCA,sst2,64,8,0.5298165137614679,0.14718093124807047,0.21455938697318006,0.6644844517184942,0.008768081665039062
LayerWise_9216_PCA,sst2,64,16,0.5091743119266054,0.14718093124807047,0.0,0.6747720364741641,0.008450508117675781
LayerWise_9216_PCA,sst2,64,32,0.5091743119266054,0.14718093124807047,0.0,0.6747720364741641,0.008634328842163086
LayerWise_9216_PCA,sst2,128,1,0.5114678899082569,0.14775509730472935,0.03619909502262443,0.6728110599078341,0.008153200149536133
LayerWise_9216_PCA,sst2,128,2,0.5126146788990825,0.14775509730472935,0.027459954233409613,0.6748278500382554,0.00869607925415039
LayerWise_9216_PCA,sst2,128,4,0.518348623853211,0.14775509730472935,0.0625,0.675925925925926,0.008646249771118164
LayerWise_9216_PCA,sst2,128,8,0.5103211009174312,0.14775509730472935,0.004662004662004662,0.6752851711026616,0.008655071258544922
LayerWise_9216_PCA,sst2,128,16,0.5091743119266054,0.14775509730472935,0.0,0.6747720364741641,0.009013891220092773
LayerWise_9216_PCA,sst2,128,32,0.5309633027522935,0.14775509730472935,0.23264540337711068,0.662262592898431,0.00910329818725586
LayerWise_9216_PCA,sst2,128,64,0.5091743119266054,0.14775509730472935,0.0,0.6747720364741641,0.009602069854736328
LayerWise_9216_PCA,sst2,256,1,0.4988532110091743,0.14901399204062782,0.2752902155887231,0.6170026292725679,0.008613109588623047
LayerWise_9216_PCA,sst2,256,2,0.5091743119266054,0.14901399204062782,0.0,0.6747720364741641,0.010288715362548828
LayerWise_9216_PCA,sst2,256,4,0.5091743119266054,0.14901399204062782,0.0,0.6747720364741641,0.010685443878173828
LayerWise_9216_PCA,sst2,256,8,0.5091743119266054,0.14901399204062782,0.0,0.6747720364741641,0.010358572006225586
LayerWise_9216_PCA,sst2,256,16,0.5103211009174312,0.14901399204062782,0.004662004662004662,0.6752851711026616,0.010319709777832031
LayerWise_9216_PCA,sst2,256,32,0.5344036697247706,0.14901399204062782,0.20078740157480313,0.6715210355987056,0.010700464248657227
LayerWise_9216_PCA,sst2,256,64,0.536697247706422,0.14901399204062782,0.2518518518518518,0.6644518272425248,0.011357307434082031
LayerWise_9216_PCA,sst2,256,128,0.5091743119266054,0.14901399204062782,0.0,0.6747720364741641,0.010643720626831055
LayerWise_9216_PCA,sst2,512,1,0.4827981651376147,0.15563487173577661,0.07770961145194274,0.6406374501992033,0.009769201278686523
LayerWise_9216_PCA,sst2,512,2,0.5068807339449541,0.15563487173577661,0.0,0.6727549467275494,0.012924432754516602
LayerWise_9216_PCA,sst2,512,4,0.5103211009174312,0.15563487173577661,0.018390804597701146,0.6737967914438503,0.012978076934814453
LayerWise_9216_PCA,sst2,512,8,0.5091743119266054,0.15563487173577661,0.0,0.6747720364741641,0.01313638687133789
LayerWise_9216_PCA,sst2,512,16,0.5114678899082569,0.15563487173577661,0.0184331797235023,0.6748091603053435,0.013278484344482422
LayerWise_9216_PCA,sst2,512,32,0.5103211009174312,0.15563487173577661,0.009280742459396751,0.6747905559786748,0.013104438781738281
LayerWise_9216_PCA,sst2,512,64,0.5103211009174312,0.15563487173577661,0.06153846153846154,0.6687354538401862,0.013513803482055664
LayerWise_9216_PCA,sst2,512,128,0.5160550458715596,0.15563487173577661,0.11344537815126049,0.667192429022082,0.013975858688354492
LayerWise_9216_PCA,sst2,512,256,0.5091743119266054,0.15563487173577661,0.0,0.6747720364741641,0.014322280883789062
LayerWise_9216_PCA,sst2,1024,1,0.5160550458715596,0.17028425066000677,0.5442764578833692,0.4841075794621027,0.01109004020690918
LayerWise_9216_PCA,sst2,1024,2,0.4805045871559633,0.17028425066000677,0.13714285714285712,0.6283839212469237,0.018068790435791016
LayerWise_9216_PCA,sst2,1024,4,0.49426605504587157,0.17028425066000677,0.12673267326732673,0.6440677966101694,0.017714262008666992
LayerWise_9216_PCA,sst2,1024,8,0.48509174311926606,0.17028425066000677,0.14149139579349904,0.6322686322686323,0.01775670051574707
LayerWise_9216_PCA,sst2,1024,16,0.5240825688073395,0.17028425066000677,0.129979035639413,0.6724546172059984,0.018330097198486328
LayerWise_9216_PCA,sst2,1024,32,0.5229357798165137,0.17028425066000677,0.09956709956709957,0.6755070202808112,0.0180666446685791
LayerWise_9216_PCA,sst2,1024,64,0.5172018348623854,0.17028425066000677,0.06651884700665188,0.674400618716164,0.01838064193725586
LayerWise_9216_PCA,sst2,1024,128,0.5057339449541285,0.17028425066000677,0.022675736961451247,0.669224865694551,0.018926620483398438
LayerWise_9216_PCA,sst2,1024,256,0.5091743119266054,0.17028425066000677,0.0,0.6747720364741641,0.019650936126708984
LayerWise_9216_PCA,sst2,1024,512,0.5091743119266054,0.17028425066000677,0.0,0.6747720364741641,0.02112412452697754
LayerWise_768_PCA,imdb,2,1,0.5146,0.025150810751799597,0.5767500261588364,0.431056308312626,0.21512961387634277
LayerWise_768_PCA,imdb,4,1,0.53856,0.1234884357541693,0.48928634673277843,0.5791624106230848,0.21547317504882812
LayerWise_768_PCA,imdb,4,2,0.53052,0.1234884357541693,0.36284675099071706,0.6283289527850787,0.21426820755004883
LayerWise_768_PCA,imdb,8,1,0.55156,0.13522771322739113,0.6277023212566001,0.43626489666616386,0.2179584503173828
LayerWise_768_PCA,imdb,8,2,0.53936,0.13522771322739113,0.4734339277549154,0.5906150017774617,0.2154240608215332
LayerWise_768_PCA,imdb,8,4,0.54948,0.13522771322739113,0.5370164837423439,0.5612900712811124,0.21648049354553223
LayerWise_768_PCA,imdb,16,1,0.5512,0.15969270106492095,0.5390682770520089,0.5627094863200561,0.21716070175170898
LayerWise_768_PCA,imdb,16,2,0.53504,0.15969270106492095,0.4642330383480826,0.5893159977388356,0.2175273895263672
LayerWise_768_PCA,imdb,16,4,0.54152,0.15969270106492095,0.47604680928871823,0.5924477314748969,0.21678495407104492
LayerWise_768_PCA,imdb,16,8,0.54584,0.15969270106492095,0.5187351644625297,0.570054528930627,0.21989750862121582
LayerWise_768_PCA,imdb,32,1,0.54936,0.17384097533000914,0.5310132378652901,0.5663253522211101,0.21971511840820312
LayerWise_768_PCA,imdb,32,2,0.53456,0.17384097533000914,0.46569932959867755,0.5876975409255192,0.22188138961791992
LayerWise_768_PCA,imdb,32,4,0.53716,0.17384097533000914,0.47682777953610345,0.5850159595452425,0.22237205505371094
LayerWise_768_PCA,imdb,32,8,0.54192,0.17384097533000914,0.5014800626850078,0.5762912535148734,0.2222611904144287
LayerWise_768_PCA,imdb,32,16,0.54372,0.17384097533000914,0.5062118523007662,0.5759321907877616,0.22576475143432617
LayerWise_768_PCA,imdb,64,1,0.5366,0.17868403506586014,0.4785993969125523,0.5829883733486916,0.22426176071166992
LayerWise_768_PCA,imdb,64,2,0.53532,0.17868403506586014,0.4627479998150118,0.5906191634069845,0.23170757293701172
LayerWise_768_PCA,imdb,64,4,0.537,0.17868403506586014,0.47998562379262316,0.5827475577664828,0.23326849937438965
LayerWise_768_PCA,imdb,64,8,0.5352,0.17868403506586014,0.46911549707602335,0.5866533864541833,0.2345883846282959
LayerWise_768_PCA,imdb,64,16,0.53668,0.17868403506586014,0.47495580436063645,0.5854182325781165,0.2346184253692627
LayerWise_768_PCA,imdb,64,32,0.54132,0.17868403506586014,0.47299967829403927,0.5939591374243122,0.2399580478668213
LayerWise_768_PCA,imdb,128,1,0.54284,0.18210507189739444,0.515330138670964,0.5673946780725994,0.22717595100402832
LayerWise_768_PCA,imdb,128,2,0.53884,0.18210507189739444,0.4893023255813954,0.5796171376481313,0.2455744743347168
LayerWise_768_PCA,imdb,128,4,0.53856,0.18210507189739444,0.48996374568927403,0.578701336644511,0.24713611602783203
LayerWise_768_PCA,imdb,128,8,0.54228,0.18210507189739444,0.5065332700849541,0.5731975681623214,0.2537713050842285
LayerWise_768_PCA,imdb,128,16,0.54028,0.18210507189739444,0.4957662440222875,0.5775719483956335,0.2543189525604248
LayerWise_768_PCA,imdb,128,32,0.54932,0.18210507189739444,0.5399534522885958,0.5583127523619115,0.25931572914123535
LayerWise_768_PCA,imdb,128,64,0.54892,0.18210507189739444,0.530379377837005,0.5660522568976796,0.2666049003601074
LayerWise_768_PCA,imdb,256,1,0.54976,0.18488313513179616,0.5374373304840964,0.561443154367646,0.24002838134765625
LayerWise_768_PCA,imdb,256,2,0.53772,0.18488313513179616,0.46591801839271685,0.592503790416417,0.27772974967956543
LayerWise_768_PCA,imdb,256,4,0.53728,0.18488313513179616,0.4788719704477881,0.5839148262714913,0.2797420024871826
LayerWise_768_PCA,imdb,256,8,0.5388,0.18488313513179616,0.4898681532607733,0.5791663625082123,0.28416919708251953
LayerWise_768_PCA,imdb,256,16,0.54304,0.18488313513179616,0.5094469254551699,0.5723270440251571,0.2877333164215088
LayerWise_768_PCA,imdb,256,32,0.5392,0.18488313513179616,0.4908512330946699,0.5791627091400599,0.29230380058288574
LayerWise_768_PCA,imdb,256,64,0.54072,0.18488313513179616,0.487319164136453,0.5840457904651499,0.30892157554626465
LayerWise_768_PCA,imdb,256,128,0.5442,0.18488313513179616,0.49993417299337334,0.581266306544666,0.3182494640350342
LayerWise_768_PCA,imdb,512,1,0.53656,0.20244998908131678,0.48401175737062435,0.5793944674362883,0.2639758586883545
LayerWise_768_PCA,imdb,512,2,0.52896,0.20244998908131678,0.3305287094940307,0.6366553532860229,0.3505573272705078
LayerWise_768_PCA,imdb,512,4,0.52972,0.20244998908131678,0.4057018652378305,0.6109143859416883,0.3516395092010498
LayerWise_768_PCA,imdb,512,8,0.53412,0.20244998908131678,0.46339553098364433,0.5883725039759674,0.355180025100708
LayerWise_768_PCA,imdb,512,16,0.53356,0.20244998908131678,0.461311036171294,0.5887207702888583,0.35395002365112305
LayerWise_768_PCA,imdb,512,32,0.53568,0.20244998908131678,0.4746084909930297,0.5840321077904395,0.3588857650756836
LayerWise_768_PCA,imdb,512,64,0.5362,0.20244998908131678,0.4734093283073709,0.5856116650584325,0.3660318851470947
LayerWise_768_PCA,imdb,512,128,0.54332,0.20244998908131678,0.49480065489623426,0.5833363745848692,0.3985261917114258
LayerWise_768_PCA,imdb,512,256,0.54876,0.20244998908131678,0.5219712699690665,0.5727055793341161,0.41692352294921875
LayerWise_768_PCA,imdb,1024,1,0.54,0.2392988439434356,0.4664563422102626,0.5957252337762778,0.3041238784790039
LayerWise_768_PCA,imdb,1024,2,0.5276,0.2392988439434356,0.3285194450761883,0.6356287794643959,0.4751260280609131
LayerWise_768_PCA,imdb,1024,4,0.53256,0.2392988439434356,0.42365358058788716,0.6068496837572332,0.47474002838134766
LayerWise_768_PCA,imdb,1024,8,0.5334,0.2392988439434356,0.4434902914937265,0.598298839491718,0.4770820140838623
LayerWise_768_PCA,imdb,1024,16,0.53388,0.2392988439434356,0.4615313525252992,0.5890898832822031,0.48097777366638184
LayerWise_768_PCA,imdb,1024,32,0.53652,0.2392988439434356,0.4790252236859853,0.5825858280197413,0.4821510314941406
LayerWise_768_PCA,imdb,1024,64,0.53604,0.2392988439434356,0.4778753094755796,0.5825445384200109,0.4894535541534424
LayerWise_768_PCA,imdb,1024,128,0.53596,0.2392988439434356,0.4727537154024451,0.5856341750901882,0.5122683048248291
LayerWise_768_PCA,imdb,1024,256,0.54252,0.2392988439434356,0.4880712591200036,0.5864998734589104,0.5712528228759766
LayerWise_768_PCA,imdb,1024,512,0.54416,0.2392988439434356,0.5024449877750612,0.5794213167995277,0.6193606853485107
LayerWise_768_PCA,sst2,2,1,0.5091743119266054,0.12243223128834677,0.0,0.6747720364741641,0.0078029632568359375
LayerWise_768_PCA,sst2,4,1,0.5091743119266054,0.11131901640101433,0.0,0.6747720364741641,0.007945060729980469
LayerWise_768_PCA,sst2,4,2,0.5091743119266054,0.11131901640101433,0.0,0.6747720364741641,0.007933616638183594
LayerWise_768_PCA,sst2,8,1,0.5206422018348624,0.13177304506170845,0.13636363636363635,0.6682539682539683,0.007991552352905273
LayerWise_768_PCA,sst2,8,2,0.5091743119266054,0.13177304506170845,0.0,0.6747720364741641,0.007706880569458008
LayerWise_768_PCA,sst2,8,4,0.5091743119266054,0.13177304506170845,0.0,0.6747720364741641,0.007925271987915039
LayerWise_768_PCA,sst2,16,1,0.5206422018348624,0.13324768866069475,0.13991769547325103,0.6677265500794913,0.007704019546508789
LayerWise_768_PCA,sst2,16,2,0.5091743119266054,0.13324768866069475,0.0,0.6747720364741641,0.008180379867553711
LayerWise_768_PCA,sst2,16,4,0.5091743119266054,0.13324768866069475,0.0,0.6747720364741641,0.007816314697265625
LayerWise_768_PCA,sst2,16,8,0.5091743119266054,0.13324768866069475,0.0,0.6747720364741641,0.007885456085205078
LayerWise_768_PCA,sst2,32,1,0.5298165137614679,0.13188058694782867,0.19291338582677164,0.6682847896440129,0.01071023941040039
LayerWise_768_PCA,sst2,32,2,0.518348623853211,0.13188058694782867,0.06666666666666667,0.6754250386398765,0.011677742004394531
LayerWise_768_PCA,sst2,32,4,0.5240825688073395,0.13188058694782867,0.15821501014198783,0.6682653876898481,0.009765863418579102
LayerWise_768_PCA,sst2,32,8,0.5091743119266054,0.13188058694782867,0.0,0.6747720364741641,0.008133172988891602
LayerWise_768_PCA,sst2,32,16,0.5091743119266054,0.13188058694782867,0.0,0.6747720364741641,0.008039474487304688
LayerWise_768_PCA,sst2,64,1,0.5137614678899083,0.14718798186834708,0.0319634703196347,0.675344563552833,0.008089542388916016
LayerWise_768_PCA,sst2,64,2,0.5091743119266054,0.14718798186834708,0.0,0.6747720364741641,0.008185625076293945
LayerWise_768_PCA,sst2,64,4,0.5091743119266054,0.14718798186834708,0.0,0.6747720364741641,0.008280277252197266
LayerWise_768_PCA,sst2,64,8,0.5091743119266054,0.14718798186834708,0.0,0.6747720364741641,0.008239269256591797
LayerWise_768_PCA,sst2,64,16,0.5091743119266054,0.14718798186834708,0.0,0.6747720364741641,0.008343219757080078
LayerWise_768_PCA,sst2,64,32,0.5091743119266054,0.14718798186834708,0.0,0.6747720364741641,0.008651971817016602
LayerWise_768_PCA,sst2,128,1,0.5137614678899083,0.14153270435634407,0.0319634703196347,0.675344563552833,0.011811494827270508
LayerWise_768_PCA,sst2,128,2,0.5103211009174312,0.14153270435634407,0.013856812933025407,0.6742944317315026,0.01310420036315918
LayerWise_768_PCA,sst2,128,4,0.5240825688073395,0.14153270435634407,0.09586056644880175,0.6770428015564203,0.011039257049560547
LayerWise_768_PCA,sst2,128,8,0.5149082568807339,0.14153270435634407,0.04081632653061224,0.6753645433614736,0.01381540298461914
LayerWise_768_PCA,sst2,128,16,0.5091743119266054,0.14153270435634407,0.0,0.6747720364741641,0.011789321899414062
LayerWise_768_PCA,sst2,128,32,0.5172018348623854,0.14153270435634407,0.09850107066381157,0.6703210649960845,0.013472795486450195
LayerWise_768_PCA,sst2,128,64,0.5091743119266054,0.14153270435634407,0.0,0.6747720364741641,0.011882543563842773
LayerWise_768_PCA,sst2,256,1,0.4919724770642202,0.1454563410670169,0.13980582524271845,0.6395443449959316,0.008539438247680664
LayerWise_768_PCA,sst2,256,2,0.5091743119266054,0.1454563410670169,0.0,0.6747720364741641,0.010452985763549805
LayerWise_768_PCA,sst2,256,4,0.5091743119266054,0.1454563410670169,0.0,0.6747720364741641,0.010313034057617188
LayerWise_768_PCA,sst2,256,8,0.5091743119266054,0.1454563410670169,0.0,0.6747720364741641,0.010520696640014648
LayerWise_768_PCA,sst2,256,16,0.5091743119266054,0.1454563410670169,0.0,0.6747720364741641,0.010638713836669922
LayerWise_768_PCA,sst2,256,32,0.5091743119266054,0.1454563410670169,0.0,0.6747720364741641,0.010639429092407227
LayerWise_768_PCA,sst2,256,64,0.5137614678899083,0.1454563410670169,0.04932735426008968,0.6733436055469953,0.011547327041625977
LayerWise_768_PCA,sst2,256,128,0.5091743119266054,0.1454563410670169,0.0,0.6747720364741641,0.010900735855102539
LayerWise_768_PCA,sst2,512,1,0.5344036697247706,0.15246986990085265,0.34304207119741104,0.6394316163410302,0.009436845779418945
LayerWise_768_PCA,sst2,512,2,0.5240825688073395,0.15246986990085265,0.14784394250513347,0.6698488464598249,0.01314687728881836
LayerWise_768_PCA,sst2,512,4,0.5458715596330275,0.15246986990085265,0.2265625,0.6785714285714286,0.013902902603149414
LayerWise_768_PCA,sst2,512,8,0.5194954128440367,0.15246986990085265,0.07095343680709533,0.6759474091260634,0.013258934020996094
LayerWise_768_PCA,sst2,512,16,0.5229357798165137,0.15246986990085265,0.1297071129707113,0.6714060031595576,0.012993812561035156
LayerWise_768_PCA,sst2,512,32,0.5263761467889908,0.15246986990085265,0.11563169164882227,0.6765857478465152,0.013150691986083984
LayerWise_768_PCA,sst2,512,64,0.5091743119266054,0.15246986990085265,0.0,0.6747720364741641,0.01361536979675293
LayerWise_768_PCA,sst2,512,128,0.5240825688073395,0.15246986990085265,0.17165668662674652,0.666130329847144,0.013975143432617188
LayerWise_768_PCA,sst2,512,256,0.5091743119266054,0.15246986990085265,0.0,0.6747720364741641,0.01479029655456543
LayerWise_768_PCA,sst2,1024,1,0.5401376146788991,0.16774201407073486,0.4196816208393632,0.6191832858499525,0.010884284973144531
LayerWise_768_PCA,sst2,1024,2,0.5607798165137615,0.16774201407073486,0.3475298126064736,0.6689714779602419,0.018043994903564453
LayerWise_768_PCA,sst2,1024,4,0.5630733944954128,0.16774201407073486,0.3487179487179487,0.6712683347713546,0.017933368682861328
LayerWise_768_PCA,sst2,1024,8,0.5263761467889908,0.16774201407073486,0.13417190775681342,0.6740331491712707,0.01798224449157715
LayerWise_768_PCA,sst2,1024,16,0.5091743119266054,0.16774201407073486,0.018348623853211007,0.672782874617737,0.018122196197509766
LayerWise_768_PCA,sst2,1024,32,0.5149082568807339,0.16774201407073486,0.04081632653061224,0.6753645433614736,0.01857614517211914
LayerWise_768_PCA,sst2,1024,64,0.5091743119266054,0.16774201407073486,0.0,0.6747720364741641,0.019011735916137695
LayerWise_768_PCA,sst2,1024,128,0.5091743119266054,0.16774201407073486,0.0,0.6747720364741641,0.018999814987182617
LayerWise_768_PCA,sst2,1024,256,0.5091743119266054,0.16774201407073486,0.0,0.6747720364741641,0.019917011260986328
LayerWise_768_PCA,sst2,1024,512,0.5091743119266054,0.16774201407073486,0.0,0.6747720364741641,0.02116680145263672
LayerAggregation_PCA,imdb,2,1,0.81352,0.12717606118856722,0.8167164648529643,0.8102100635075721,0.2137775421142578
LayerAggregation_PCA,imdb,4,1,0.81152,0.09884247958815241,0.8158511802407379,0.806980173685073,0.21265268325805664
LayerAggregation_PCA,imdb,4,2,0.73892,0.09884247958815241,0.6889683106981177,0.7750473892814062,0.21297764778137207
LayerAggregation_PCA,imdb,8,1,0.81388,0.13124835183803646,0.818348623853211,0.8091859749846215,0.21330595016479492
LayerAggregation_PCA,imdb,8,2,0.81168,0.13124835183803646,0.8096855040827875,0.8136331248515557,0.2163686752319336
LayerAggregation_PCA,imdb,8,4,0.81,0.13124835183803646,0.8056623844202603,0.8141482119101651,0.2150566577911377
LayerAggregation_PCA,imdb,16,1,0.81112,0.13406211573262183,0.8104984348663615,0.8117375009967307,0.2179105281829834
LayerAggregation_PCA,imdb,16,2,0.80568,0.13406211573262183,0.8009832036050799,0.8101602188354826,0.2171630859375
LayerAggregation_PCA,imdb,16,4,0.79612,0.13406211573262183,0.7882162296921096,0.8034550572629469,0.21565985679626465
LayerAggregation_PCA,imdb,16,8,0.80316,0.13406211573262183,0.794864312810038,0.8108108108108109,0.21703767776489258
LayerAggregation_PCA,imdb,32,1,0.81044,0.13161493558134452,0.8141204157677976,0.8066108957355642,0.21793675422668457
LayerAggregation_PCA,imdb,32,2,0.81056,0.13161493558134452,0.81168986083499,0.809416498993964,0.2176988124847412
LayerAggregation_PCA,imdb,32,4,0.81368,0.13161493558134452,0.816527493303923,0.8107427271249796,0.21838831901550293
LayerAggregation_PCA,imdb,32,8,0.8122,0.13161493558134452,0.8141109395415133,0.810249363456331,0.2221372127532959
LayerAggregation_PCA,imdb,32,16,0.81352,0.13161493558134452,0.8167020523708421,0.810225514939347,0.22368192672729492
LayerAggregation_PCA,imdb,64,1,0.80604,0.1332792889789507,0.8147468958930277,0.7964742917103882,0.22195196151733398
LayerAggregation_PCA,imdb,64,2,0.81088,0.1332792889789507,0.8123064708217547,0.8094316807738816,0.22670578956604004
LayerAggregation_PCA,imdb,64,4,0.81052,0.1332792889789507,0.810951031647843,0.8100869983562522,0.2298142910003662
LayerAggregation_PCA,imdb,64,8,0.81276,0.1332792889789507,0.8149875498992134,0.8104781570104053,0.22883224487304688
LayerAggregation_PCA,imdb,64,16,0.81316,0.1332792889789507,0.8166437684003927,0.8095412844036697,0.23383593559265137
LayerAggregation_PCA,imdb,64,32,0.81348,0.1332792889789507,0.8170726923227806,0.8097433595821942,0.23848986625671387
LayerAggregation_PCA,imdb,128,1,0.80636,0.13922861986401222,0.8126765468405371,0.7996025996605538,0.22672271728515625
LayerAggregation_PCA,imdb,128,2,0.811,0.13922861986401222,0.810871392546932,0.8111284326657873,0.24451351165771484
LayerAggregation_PCA,imdb,128,4,0.81076,0.13922861986401222,0.8107675692972282,0.810752430097204,0.2431471347808838
LayerAggregation_PCA,imdb,128,8,0.81356,0.13922861986401222,0.8162573422162652,0.810782283928064,0.2502002716064453
LayerAggregation_PCA,imdb,128,16,0.81384,0.13922861986401222,0.8181605063686802,0.8093091862656723,0.2525217533111572
LayerAggregation_PCA,imdb,128,32,0.81356,0.13922861986401222,0.8169500844362408,0.8100419774218527,0.2572946548461914
LayerAggregation_PCA,imdb,128,64,0.81232,0.13922861986401222,0.8123500239961605,0.8122899663946231,0.25749635696411133
LayerAggregation_PCA,imdb,256,1,0.74136,0.1490192468624631,0.7728837372672988,0.6996748722712495,0.23722434043884277
LayerAggregation_PCA,imdb,256,2,0.81104,0.1490192468624631,0.812062380649268,0.8100064350064351,0.27968716621398926
LayerAggregation_PCA,imdb,256,4,0.8132,0.1490192468624631,0.81773475919132,0.8084338337845598,0.28075337409973145
LayerAggregation_PCA,imdb,256,8,0.81392,0.1490192468624631,0.819086878743097,0.808449312361031,0.28348493576049805
LayerAggregation_PCA,imdb,256,16,0.81408,0.1490192468624631,0.8190876537443562,0.8087872305413855,0.28929829597473145
LayerAggregation_PCA,imdb,256,32,0.81368,0.1490192468624631,0.8199876333281806,0.8069142762394297,0.29392361640930176
LayerAggregation_PCA,imdb,256,64,0.8138,0.1490192468624631,0.8180858962835593,0.8093072795051411,0.2992746829986572
LayerAggregation_PCA,imdb,256,128,0.81476,0.1490192468624631,0.8180853989079624,0.8113107607057002,0.30658531188964844
LayerAggregation_PCA,imdb,512,1,0.7642,0.16364821420927517,0.7633575528882822,0.7650364701662082,0.2621033191680908
LayerAggregation_PCA,imdb,512,2,0.78636,0.16364821420927517,0.7747838920514442,0.7968042609853528,0.34894704818725586
LayerAggregation_PCA,imdb,512,4,0.80464,0.16364821420927517,0.8018178867067035,0.807382867960246,0.35143065452575684
LayerAggregation_PCA,imdb,512,8,0.80852,0.16364821420927517,0.8051609752126664,0.8117651684951438,0.35164785385131836
LayerAggregation_PCA,imdb,512,16,0.81408,0.16364821420927517,0.816299106789977,0.8118066240181392,0.3557107448577881
LayerAggregation_PCA,imdb,512,32,0.81328,0.16364821420927517,0.8160176572599717,0.8104596394347897,0.3592543601989746
LayerAggregation_PCA,imdb,512,64,0.81368,0.16364821420927517,0.8161654432078301,0.8111264293244669,0.36791133880615234
LayerAggregation_PCA,imdb,512,128,0.81368,0.16364821420927517,0.8159038811161173,0.8114017329338408,0.3940255641937256
LayerAggregation_PCA,imdb,512,256,0.81264,0.16364821420927517,0.8131035033117867,0.8121741919961505,0.41101717948913574
LayerAggregation_PCA,imdb,1024,1,0.64744,0.19908907848744878,0.5573968062669479,0.7070398191850028,0.30489468574523926
LayerAggregation_PCA,imdb,1024,2,0.58216,0.19908907848744878,0.39541613612686655,0.6807652343988754,0.5030691623687744
LayerAggregation_PCA,imdb,1024,4,0.77428,0.19908907848744878,0.7632870506313185,0.7842972363441765,0.5034964084625244
LayerAggregation_PCA,imdb,1024,8,0.79156,0.19908907848744878,0.783569381567471,0.7989815993519269,0.5068020820617676
LayerAggregation_PCA,imdb,1024,16,0.80796,0.19908907848744878,0.8051937512680057,0.8106487872214554,0.5095858573913574
LayerAggregation_PCA,imdb,1024,32,0.81232,0.19908907848744878,0.8132016880324866,0.8114299493609838,0.5134315490722656
LayerAggregation_PCA,imdb,1024,64,0.81268,0.19908907848744878,0.8149816285409506,0.8103203855968244,0.5204269886016846
LayerAggregation_PCA,imdb,1024,128,0.81348,0.19908907848744878,0.8165401109493646,0.8103160720823334,0.5282738208770752
LayerAggregation_PCA,imdb,1024,256,0.81284,0.19908907848744878,0.8134890580778888,0.812186408702284,0.5580761432647705
LayerAggregation_PCA,imdb,1024,512,0.81172,0.19908907848744878,0.810819500823922,0.8126119670369044,0.5967199802398682
LayerAggregation_PCA,sst2,2,1,0.5091743119266054,0.13729345948495772,0.0,0.6747720364741641,0.007836580276489258
LayerAggregation_PCA,sst2,4,1,0.8256880733944955,0.17902744592835929,0.8272727272727272,0.8240740740740742,0.007692098617553711
LayerAggregation_PCA,sst2,4,2,0.5091743119266054,0.17902744592835929,0.0,0.6747720364741641,0.0077784061431884766
LayerAggregation_PCA,sst2,8,1,0.8291284403669725,0.18801139887898632,0.8312570781426953,0.826945412311266,0.008109569549560547
LayerAggregation_PCA,sst2,8,2,0.7740825688073395,0.18801139887898632,0.7558859975216853,0.7897545357524013,0.007629871368408203
LayerAggregation_PCA,sst2,8,4,0.5091743119266054,0.18801139887898632,0.0,0.6747720364741641,0.00823521614074707
LayerAggregation_PCA,sst2,16,1,0.8096330275229358,0.1681738409459897,0.8122171945701357,0.8069767441860465,0.008438348770141602
LayerAggregation_PCA,sst2,16,2,0.7935779816513762,0.1681738409459897,0.7916666666666667,0.7954545454545456,0.0077359676361083984
LayerAggregation_PCA,sst2,16,4,0.8096330275229358,0.1681738409459897,0.8083140877598153,0.8109339407744874,0.008008718490600586
LayerAggregation_PCA,sst2,16,8,0.8038990825688074,0.1681738409459897,0.8054607508532423,0.8023121387283236,0.008098602294921875
LayerAggregation_PCA,sst2,32,1,0.8245412844036697,0.16934191023161904,0.8294314381270903,0.8193624557260921,0.007945060729980469
LayerAggregation_PCA,sst2,32,2,0.8222477064220184,0.16934191023161904,0.8260381593714928,0.8182883939038686,0.007801532745361328
LayerAggregation_PCA,sst2,32,4,0.8084862385321101,0.16934191023161904,0.8104426787741204,0.8064889918887602,0.007951021194458008
LayerAggregation_PCA,sst2,32,8,0.8142201834862385,0.16934191023161904,0.8191964285714285,0.8089622641509433,0.007834911346435547
LayerAggregation_PCA,sst2,32,16,0.8084862385321101,0.16934191023161904,0.8104426787741204,0.8064889918887602,0.008396148681640625
LayerAggregation_PCA,sst2,64,1,0.8176605504587156,0.16703977026855457,0.8211473565804275,0.8140350877192982,0.007900714874267578
LayerAggregation_PCA,sst2,64,2,0.8245412844036697,0.16703977026855457,0.8263337116912599,0.8227114716106605,0.008376836776733398
LayerAggregation_PCA,sst2,64,4,0.8096330275229358,0.16703977026855457,0.8109339407744874,0.8083140877598153,0.0081329345703125
LayerAggregation_PCA,sst2,64,8,0.8084862385321101,0.16703977026855457,0.8104426787741204,0.8064889918887602,0.008646011352539062
LayerAggregation_PCA,sst2,64,16,0.823394495412844,0.16703977026855457,0.8253968253968255,0.8213457076566125,0.008413076400756836
LayerAggregation_PCA,sst2,64,32,0.8061926605504587,0.16703977026855457,0.8032596041909197,0.8090395480225988,0.008690118789672852
LayerAggregation_PCA,sst2,128,1,0.8302752293577982,0.15337916877976573,0.8333333333333334,0.8271028037383177,0.008143424987792969
LayerAggregation_PCA,sst2,128,2,0.8211009174311926,0.15337916877976573,0.8223234624145785,0.8198614318706697,0.008991718292236328
LayerAggregation_PCA,sst2,128,4,0.8256880733944955,0.15337916877976573,0.8284424379232507,0.8228438228438228,0.008947134017944336
LayerAggregation_PCA,sst2,128,8,0.8153669724770642,0.15337916877976573,0.8164196123147093,0.8143021914648213,0.009042024612426758
LayerAggregation_PCA,sst2,128,16,0.8119266055045872,0.15337916877976573,0.8144796380090498,0.8093023255813953,0.009151935577392578
LayerAggregation_PCA,sst2,128,32,0.8119266055045872,0.15337916877976573,0.8144796380090498,0.8093023255813953,0.009125709533691406
LayerAggregation_PCA,sst2,128,64,0.823394495412844,0.15337916877976573,0.8265765765765766,0.8200934579439253,0.009730815887451172
LayerAggregation_PCA,sst2,256,1,0.8153669724770642,0.17299804528831808,0.8155784650630011,0.815154994259472,0.008660078048706055
LayerAggregation_PCA,sst2,256,2,0.8107798165137615,0.17299804528831808,0.8051948051948052,0.8160535117056857,0.010664701461791992
LayerAggregation_PCA,sst2,256,4,0.819954128440367,0.17299804528831808,0.8213879408418657,0.8184971098265895,0.010350704193115234
LayerAggregation_PCA,sst2,256,8,0.8291284403669725,0.17299804528831808,0.8312570781426953,0.826945412311266,0.010543346405029297
LayerAggregation_PCA,sst2,256,16,0.8245412844036697,0.17299804528831808,0.825938566552901,0.823121387283237,0.010467290878295898
LayerAggregation_PCA,sst2,256,32,0.8153669724770642,0.17299804528831808,0.8155784650630011,0.815154994259472,0.010489702224731445
LayerAggregation_PCA,sst2,256,64,0.8153669724770642,0.17299804528831808,0.8155784650630011,0.815154994259472,0.01092839241027832
LayerAggregation_PCA,sst2,256,128,0.7878440366972477,0.17299804528831808,0.773561811505508,0.8004314994606256,0.01090693473815918
LayerAggregation_PCA,sst2,512,1,0.4701834862385321,0.17193838956647278,0.20618556701030927,0.6024096385542168,0.00940847396850586
LayerAggregation_PCA,sst2,512,2,0.5194954128440367,0.17193838956647278,0.11040339702760087,0.6708562450903378,0.013514041900634766
LayerAggregation_PCA,sst2,512,4,0.7947247706422018,0.17193838956647278,0.7866507747318235,0.8022099447513812,0.012921333312988281
LayerAggregation_PCA,sst2,512,8,0.8142201834862385,0.17193838956647278,0.8146453089244852,0.8137931034482759,0.013129711151123047
LayerAggregation_PCA,sst2,512,16,0.8188073394495413,0.17193838956647278,0.8216704288939052,0.8158508158508159,0.0130157470703125
LayerAggregation_PCA,sst2,512,32,0.819954128440367,0.17193838956647278,0.8213879408418657,0.8184971098265895,0.013066530227661133
LayerAggregation_PCA,sst2,512,64,0.8142201834862385,0.17193838956647278,0.8171557562076749,0.8111888111888113,0.013406515121459961
LayerAggregation_PCA,sst2,512,128,0.8084862385321101,0.17193838956647278,0.8104426787741204,0.8064889918887602,0.013778209686279297
LayerAggregation_PCA,sst2,512,256,0.8073394495412844,0.17193838956647278,0.8041958041958043,0.8103837471783296,0.014482975006103516
LayerAggregation_PCA,sst2,1024,1,0.5298165137614679,0.18461989224949643,0.3027210884353741,0.6453287197231834,0.011115312576293945
LayerAggregation_PCA,sst2,1024,2,0.5298165137614679,0.18461989224949643,0.13865546218487393,0.6766561514195585,0.01826167106628418
LayerAggregation_PCA,sst2,1024,4,0.7981651376146789,0.18461989224949643,0.7777777777777778,0.8151260504201681,0.01934218406677246
LayerAggregation_PCA,sst2,1024,8,0.8314220183486238,0.18461989224949643,0.8268551236749115,0.835754189944134,0.018602371215820312
LayerAggregation_PCA,sst2,1024,16,0.819954128440367,0.18461989224949643,0.8193325661680092,0.8205714285714286,0.018526077270507812
LayerAggregation_PCA,sst2,1024,32,0.819954128440367,0.18461989224949643,0.8205714285714285,0.8193325661680093,0.018603801727294922
LayerAggregation_PCA,sst2,1024,64,0.8165137614678899,0.18461989224949643,0.8165137614678899,0.8165137614678899,0.01883411407470703
LayerAggregation_PCA,sst2,1024,128,0.8153669724770642,0.18461989224949643,0.8155784650630011,0.815154994259472,0.01950359344482422
LayerAggregation_PCA,sst2,1024,256,0.8165137614678899,0.18461989224949643,0.8165137614678899,0.8165137614678899,0.01975274085998535
LayerAggregation_PCA,sst2,1024,512,0.7958715596330275,0.18461989224949643,0.7839805825242718,0.8065217391304348,0.021468639373779297
